TILE_ID,NUMBER,RA,DEC,OBJID_MoonObs,RA_MoonObs,DEC_MoonObs,separation_arcsec,MAG_AUTO_56,sglc_prob_star,Z
2520,9645,260.7514169467276,65.73538032070698,9685,260.75141737,65.73537967,0.0024247977084160205,19.84677,0.001,1.3896654038674263
2520,10029,260.85400853467587,65.74294542122713,9493,260.85401212,65.74294611,0.005853767264244783,21.841862,0.0,0.5562718936605008
2520,17140,260.69601873454894,65.88212482235302,5299,260.69601413,65.88212529,0.006979446385133718,18.601212,1.0,1.2504383520805349
2520,11271,260.4319195404472,65.76753308622753,7517,260.43191331,65.76753336,0.009258612186489804,20.021849,1.0,1.1198503252030376
2520,9309,260.8055725488202,65.73015774245738,8731,260.80557833,65.73015651,0.00963670042737431,21.445347,0.0,1.017717050353827
2520,14729,260.91861058731723,65.97649117249128,4492,260.91860388,65.97649112,0.009832068297004419,18.006699,1.0,0.19461230816205
2520,12538,260.87591222497247,65.79502482167321,6879,260.87591854,65.79502386,0.009943200538186064,21.7028,0.0,0.0753525606536238
2520,14204,260.7356339758836,65.82731562382736,5009,260.73562857,65.82731386,0.010189534255611,20.39048,0.0,0.5416128051719897
2520,17174,261.0995346801308,65.896314166084,9726,261.09953033,65.89631658,0.010789859506104208,20.01464,0.0,0.1179719567411828
2520,16884,260.63934229450166,65.8839611333793,1682,260.63933864,65.88396386,0.011191334674002995,22.460384,0.134,0.8382626896640653
2520,9683,261.01662108076823,65.73665516731276,4985,261.01662847,65.73665386,0.011901358354729465,22.35659,0.0,0.8095876517767228
2520,9152,260.8818944495848,65.72239737274175,1351,260.88189846,65.72239386,0.013969797136413298,19.727962,0.0,1.1501980020417304
2520,11893,260.60618900052094,65.78217365070827,4022,260.60619852,65.78217386,0.014078014790708434,22.233774,0.0,1.306462191365674
2520,18163,260.34792440424513,65.86202979303995,5818,260.34792861,65.86203386,0.01589641807566303,22.128155,0.0,1.2295457981885645
2520,8594,260.69402113578656,65.71691716413358,4805,260.69402845,65.71691386,0.016085586201139618,21.80709,0.0,1.3163443829720969
2520,23064,260.9612374170658,65.98073859615187,2973,260.96123845,65.98074306,0.016140979598859642,20.971582,0.0,0.595240068009648
2520,19461,260.78393110137597,65.83790723026617,3141,260.78393858,65.83790386,0.01639060398428723,22.439936,0.0,0.7685919497706452
2520,18465,260.5369550501866,65.87304821119494,57,260.53695862,65.87304386,0.01652166710705968,22.462963,0.0,1.2063404132066988
2520,15886,260.54367161423403,65.92004834145169,1010,260.54366868,65.92004386,0.016698993735918596,22.225481,0.0,1.0476230635649042
2520,14236,260.51933914570367,65.82756128305063,7406,260.51934857,65.82756386,0.01670544479344027,20.180716,0.0,1.2331652995971425
2520,17708,260.2784527864456,65.87316686114991,1325,260.27845753,65.87317116,0.01697723450651251,20.585064,1.0,0.2222310601436303
2520,12931,260.7283581134591,65.80175510996519,2689,260.72834676,65.80175674,0.01775139105928561,20.845219,0.0,1.3329384318248585
2520,11797,260.96494732474906,65.7786366831158,8154,260.96495047,65.77863185,0.018008670465812456,20.724796,0.0,0.4902314241064989
2520,8441,260.75710243540294,65.71416582335338,515,260.75710603,65.71416102,0.018092614632916185,22.433428,0.0,0.437943003176881
2520,13255,260.63594728607984,65.80936590708323,8626,260.63595855,65.80936386,0.018177282380451017,21.75024,0.0,0.9050466396454474
2520,18264,260.4317195436035,65.85976024088754,3837,260.43172861,65.85976386,0.01865289068739128,20.032053,0.0,0.4802062907806319
2520,23517,260.52720197567714,65.9690438065061,8274,260.52718873,65.96904386,0.01941949615288554,21.799694,0.0,0.6496583547223028
2520,15297,260.75380670029045,65.9351011083365,5309,260.75381721,65.93509754,0.020075938815911316,22.417347,0.0,1.175755012914672
2520,19983,260.6170873316019,65.89902702805216,5498,260.61709865,65.89902386,0.0201721454395146,22.487688,0.936,1.4652995569537313
2520,12012,260.6930266817025,65.7844483742734,1399,260.69301853,65.78444386,0.02022362325804165,21.236588,0.0,0.2186302255746601
2520,22999,260.7033359741111,65.98109941807624,4085,260.70333874,65.98109386,0.020415424014959174,21.96597,0.0,0.7275609155743082
2520,9819,260.3727248070623,65.73928297922785,3873,260.37273848,65.73928386,0.0204720744326082,21.716707,0.0,0.5134302841598429
2520,17427,260.735852729347,65.87541240077891,2080,260.73583863,65.87541386,0.021400543194143338,20.448763,0.0,1.4482023893177272
2520,14422,260.7725388111294,65.83255829778344,9374,260.77254858,65.83255386,0.021506586114410548,22.046223,1.0,0.5280394662891569
2520,11965,260.76150169551926,65.7835579795036,9778,260.76149852,65.78356386,0.021682902800717288,21.299252,0.0,0.3015032113127758
2520,15330,260.9313410991033,65.93207040239886,5783,260.93132869,65.93207386,0.022064628929661004,20.084862,0.0,0.8924790608455903
2520,10200,260.7493508479932,65.74649854771764,6918,260.74935848,65.74650386,0.022206130195369485,22.027332,0.0,0.8455318986563324
2520,23586,260.5238585372862,65.96801016302106,1455,260.52385873,65.96800386,0.022692634757063786,20.729122,0.0,0.2160305755850782
2520,7400,260.69056163684843,65.68131766492445,5994,260.69054841,65.68131386,0.023919533578188688,17.352264,0.0,1.297860869816463
2520,18211,260.66151467165423,65.86108522784193,346,260.66149861,65.86108386,0.024153592136796933,22.15628,0.0,0.6178696522756756
2520,7883,260.52944073809846,65.70161781923721,7309,260.52944843,65.70162386,0.024551065821100747,20.974022,0.0,1.2417879180553812
2520,16157,260.4666792448242,65.9142994246557,730,260.46666867,65.91429386,0.02535123926286341,21.868134,0.0,1.3787438865945114
2520,15535,260.3995139494225,65.92835336663777,1222,260.3995096,65.92834637,0.02598495539639658,21.714567,1.0,1.1319479926298148
2520,9747,260.6061771108035,65.73840021705203,7883,260.60616847,65.73839386,0.026212949150387153,21.825863,0.0,0.715829237246586
2520,12551,260.3384630033077,65.794980825477,8997,260.33846854,65.79497386,0.026373788712748734,21.11929,0.0,0.3327583432147511
2520,16602,260.4146643188183,65.90435418428471,3859,260.41465785,65.90434734,0.026410101671461857,21.273487,0.0,1.1049831182513683
2520,15509,260.49510060628637,65.92879365271885,1102,260.49511869,65.92879386,0.02656348724748729,21.92802,0.0,0.4310626896219569
2520,16415,260.989678087543,65.90910677137953,9354,260.98966049,65.90910474,0.026873186445961143,22.10595,0.0,1.0715703751894885
2520,17855,260.76613166937716,65.86806120094029,4404,260.76613862,65.86805386,0.02833833333340601,22.127743,0.0,0.0971602965955101
2520,10860,260.42008303550045,65.75989900135502,5490,260.4200985,65.75990386,0.02878150271604837,22.40361,0.0,0.5375977131886519
2520,15519,260.4233946606879,65.98940233936227,3858,260.4234115,65.98939815,0.028912463214471735,22.120874,0.0,1.3808936276936097
2520,14552,260.9650535757993,65.83462585043705,5047,260.96505548,65.83463386,0.028970665147408307,21.827526,0.998,0.3707676865160378
2520,18355,260.5434386791669,65.8572437380563,7915,260.54345861,65.85724386,0.029350269704836028,20.406883,0.0,0.5332240019825703
2520,10675,260.6617921165338,65.75597163848525,3850,260.66179849,65.75596386,0.029545020793708982,22.314756,1.0,1.4066033438047418
2520,12252,260.793769717391,65.78875732658885,7044,260.79378853,65.78875386,0.03044924155773708,21.86369,0.0,1.185545288319415
2520,17329,260.57459335471646,65.87709117241788,8732,260.57458303,65.87708376,0.030705596399586508,21.07543,0.0,0.949849251124733
2520,16390,260.7824076648199,65.9105853005432,6597,260.78240866,65.91059386,0.03084872216689042,22.384132,0.0,1.0389163273948143
2520,15188,260.6393438205848,65.93606188270141,7712,260.63935338,65.93605414,0.031206645592310043,22.352268,0.0,0.4411399528169754
2520,17851,260.4243691553929,65.86736164284869,3285,260.42437862,65.86735386,0.031290318346817676,18.842,0.0,1.1536351888343277
2520,10134,260.4038515131235,65.74500079165064,6654,260.40383848,65.74499386,0.03153093622241033,21.358126,1.0,0.5718045282776061
2520,23825,260.4092808785231,65.96386888196817,7831,260.4092648,65.96386305,0.031569573498560995,22.414206,1.0,0.3062580002130748
2520,11290,260.44950194728005,65.769579830271,6242,260.44951851,65.76957386,0.03256947948607453,22.26939,0.0,1.4330860366264169
2520,14360,260.690050193578,65.82988532745286,793,260.69003098,65.82988076,0.032748224062718836,20.695812,0.0,1.4200173209099691
2520,13715,261.0705016465444,65.81490146489759,8079,261.07052416,65.81490426,0.0346955756734514,19.458048,0.0,0.1498244056287767
2520,12539,260.53697329110037,65.7952929963796,7252,260.53695166,65.79529703,0.03507443024655359,21.082577,1.0,0.1019575312774994
2520,12482,260.39489237106494,65.79348514704103,3550,260.39486854,65.79348386,0.03548077681730675,21.862427,0.0,0.4194918808129913
2520,10644,261.0842276678348,65.75441525223769,7852,261.08420418,65.75441755,0.03569459070202194,20.48557,0.0,0.1397693846890649
2520,14935,261.143020819503,65.9409910779263,6886,261.14303769,65.9409983,0.035902911441944366,21.113525,0.0,0.0105950327615689
2520,10967,260.7979609958179,65.76229860653865,7657,260.7979385,65.76229386,0.03738038993954827,22.497602,0.0,0.2524744236283826
2520,13052,260.3413772062548,65.80491810813108,5382,260.34139855,65.80492386,0.03768924301994488,21.492764,0.0,1.0006967970219778
2520,15164,260.7179995366727,65.93725489698409,4114,260.71798714,65.93724563,0.03800102817835001,20.930336,0.0,0.147169452122523
2520,9218,260.59742675030617,65.7271570828824,7692,260.59741818,65.7271672,0.0385667895797913,20.715906,0.0,0.6337135331117907
2520,12673,260.6421702714952,65.79786566653843,1611,260.64219573,65.79786852,0.038951759890519036,22.292368,0.0,1.3808953842892246
2520,23653,260.84008203175785,65.96668850965453,3701,260.84005873,65.96669386,0.03921973107871361,21.75171,0.0,0.5581265809903005
2520,13303,261.13427632198176,65.80847263810548,3257,261.13426609,65.80846257,0.03926270673808083,20.49534,0.0,1.289631069863336
2520,13905,260.94045770012167,65.82236285386129,3173,260.94045857,65.82237386,0.03964285280055708,21.613392,0.002,1.1969138939265904
2520,18633,260.3631548729697,65.85262289916115,5088,260.3631586,65.85263386,0.03983894321020244,20.092112,0.0,0.519625396053232
2520,18645,261.15167592908466,65.85164623958265,7928,261.15168573,65.85163584,0.040124726412329885,20.790693,0.0,0.9655732934549808
2520,13517,260.56271181993185,65.81089594545719,3906,260.56273855,65.81089386,0.04013787393517982,19.389315,0.0,0.6776994994884331
2520,18403,260.8223532006046,65.87367855843162,6584,260.82232862,65.87368386,0.04089688324945584,21.995266,1.0,1.183090584775339
2520,13493,261.0814181445618,65.81312249250671,1637,261.08141856,65.81313386,0.04092756310592008,21.58163,0.0,1.100842626557395
2520,13181,260.425976299931,65.80461356357553,1832,260.42598855,65.80462386,0.04123903820206041,21.278172,0.0,1.263237061036541
2520,18277,260.97024707464936,65.85776293935817,1968,260.97023861,65.85777386,0.04124260563640087,18.517124,0.0,0.4008321488882396
2520,16474,260.99353848943036,65.90815583041835,7057,260.99355866,65.90816386,0.04140265109743437,21.33565,0.0,0.995181307523225
2520,16024,260.79754701647613,65.91799346294108,7867,260.79751867,65.91799386,0.0416642975938283,22.390991,0.0,0.3041321847391355
2520,18592,260.43028702946646,65.90277006585843,8193,260.43026916,65.90276102,0.041837069658860165,21.940432,0.0,0.8370996850907049
2520,15777,261.1685784150184,65.92224208053518,1245,261.16858428,65.92223066,0.042006614337310275,21.192528,0.0,0.7536350610104472
2520,16672,260.9368795120622,65.90121573129147,9000,260.93685865,65.90122386,0.04238773442044857,22.08984,0.0,0.4726984874117498
2520,8555,260.76337898896804,65.71513499903301,2761,260.76339845,65.71514386,0.04298612026694721,20.927464,0.0,0.86546341333193
2520,17093,260.83453032837764,65.8807832309484,1230,260.83450161,65.88078061,0.04328818971919331,22.340557,0.999,0.9599822531929462
2520,10017,260.3669675863115,65.74275180897794,6574,260.36696848,65.74276386,0.04340380981092231,22.308079,1.0,0.656865941608571
2520,18574,260.36841446097554,65.8534164742098,3022,260.3684386,65.85342386,0.04439222014533436,19.396091,0.0,0.2761514452557745
2520,15743,260.920678581866,65.92322615825299,8663,260.92064868,65.92322386,0.044688187501670515,21.246193,0.0,0.996099557522226
2520,14795,260.70809920379196,65.94488537098114,9561,260.7080687,65.94488386,0.045091017227129625,22.10112,0.0,0.5150612399673382
2520,12062,260.3314568719294,65.78083486361805,9590,260.33147852,65.78084386,0.04550843623399914,18.124264,0.0,0.8269634870893547
2520,8313,260.4305394102773,65.7102766369095,1359,260.43053844,65.71026386,0.046019310868622695,21.950623,0.0,1.4337702951929272
2520,18590,260.71488129250326,65.85107554255862,76,260.7148686,65.85106386,0.04602449916710267,19.41856,0.0,0.1775974044631538
2520,7395,260.9028892871873,65.69044867305361,1896,260.90291842,65.69044386,0.04652190228180786,22.064161,0.0,1.182790337484154
2520,23551,260.65078993118703,65.96904626514697,3575,260.65075873,65.96904386,0.046554109428973735,22.47516,0.952,0.0407471812707012
2520,18846,260.5193763307016,65.84918454257047,1136,260.5194086,65.84918386,0.047593043476939344,21.996262,0.0,0.751021539737145
2520,16269,260.7234191205292,65.91148874127765,7579,260.72338867,65.91149386,0.048388077427343044,20.152798,0.0,0.5855480640696286
2520,22950,260.84802137092373,65.9828666464954,8560,260.84799038,65.98286198,0.04841690331715553,20.88032,0.0,0.8430607131580812
2520,11955,261.07232605602024,65.78012620048334,9606,261.07235852,65.78012386,0.048679546800203616,20.521492,0.0,0.5644286820589126
2520,8606,260.90216049830525,65.71482142647191,6184,260.90216073,65.7148079,0.04869650721798666,18.641031,1.0,1.1203540341451252
2520,10726,260.7145337177532,65.75337343239606,7575,260.71451975,65.7533858,0.049078987291685215,19.841581,0.0,0.9925970445156692
2520,17690,260.38116173163195,65.86976662326578,5507,260.38112862,65.86976386,0.04973615091180417,20.770382,0.0,0.9548539549487064
2520,17449,260.5501964261953,65.89669227610483,4083,260.55016865,65.89668386,0.05084826454106632,21.294777,0.0,1.1257205912874182
2520,14035,260.8517375098516,65.82500155921754,6402,260.85170857,65.82499386,0.05087835955094037,21.838722,0.0,0.992269386666876
2520,14042,260.9352346113255,65.82133330525319,3534,260.93520857,65.82132386,0.051289378115277555,21.509949,0.0,1.249217633389714
2520,23361,260.64436548446014,65.97343704593,55,260.64437874,65.97342386,0.05129182019587575,18.60767,0.0,0.0799484089881217
2520,8578,260.6064534738264,65.7108669677562,815,260.60643586,65.71087944,0.05192632528771561,18.54352,0.0,0.6238763330217368
2520,18153,260.2520917878488,65.86149731616457,8852,260.25210058,65.86151132,0.0520489524254901,19.783497,0.0,0.9429946629154808
2520,7087,260.4268126348712,65.68265915851329,6059,260.42683158,65.68267144,0.05237932076013984,22.03071,0.0,0.718485923646281
2520,19835,260.5544259348402,65.8923666191626,6990,260.55440865,65.89235386,0.05249588351425586,22.059814,0.0,0.3338088572686646
2520,7770,260.8717779353993,65.69919738290555,563,260.87177001,65.69918316,0.0525314560856723,21.820755,1.0,0.396142824305598
2520,18002,260.8026136756241,65.86625660663995,465,260.80257862,65.86625386,0.0525381061244677,19.67995,1.0,1.321192302267036
2520,11332,261.05374041718596,65.76968736602655,905,261.05370851,65.76969386,0.0526200909925177,21.791374,0.0,0.0843447367793089
2520,23905,260.8624646235822,65.9627038511113,9894,260.86242872,65.96270386,0.05264874952738433,20.996628,0.0,0.0858928003756503
2520,9308,260.79265275985796,65.73029428848538,3701,260.79268219,65.73028597,0.052851190172249825,21.716133,0.994,0.9260131639709028
2520,8214,260.6692318448382,65.70857473393693,4570,260.6691968,65.70857187,0.05291420095726926,21.955498,0.0,0.3191765315338836
2520,17965,260.54299911362114,65.86426229930318,4107,260.54302861,65.86425386,0.052993553330905024,20.299667,0.0,0.6423393515106849
2520,14777,260.5466711573531,65.94493689021783,2548,260.5466887,65.94492386,0.05350794105607475,21.141342,1.0,1.423149574470494
2520,18151,260.48379434865876,65.86289539466704,7692,260.48383021,65.86289278,0.053624693281509574,20.681107,0.0,0.701987406012093
2520,7624,260.5946446333008,65.69643514650488,922,260.59466843,65.69642386,0.05379661455090818,22.33649,0.0,1.4885336149693815
2520,17364,260.94330552298726,65.87764898542792,118,260.94329863,65.87766386,0.054500335527665665,21.042788,0.0,0.7127277722469573
2520,16396,260.88312329831365,65.91217802132714,590,260.88308867,65.91218386,0.05504986264122899,22.126518,1.0,0.760825356304872
2520,16453,260.6379461308112,65.90912458324942,8198,260.63790866,65.90912386,0.05512362060080457,21.817749,1.0,0.122245794302835
2520,14400,260.54712060736404,65.82967855907124,1551,260.54711858,65.82969386,0.055164346669771595,19.840168,0.0,0.3052076073188385
2520,10211,260.42979242236555,65.74660932339516,2985,260.42977848,65.74662386,0.056246822982281015,21.295124,0.0,1.2392061910193153
2520,17139,260.8759861247713,65.87998055397117,3198,260.87594863,65.87998386,0.05642936277890044,21.315006,0.0,1.0663733629545693
2520,13043,261.10105095731797,65.80079054442979,7059,261.10102646,65.80077845,0.05659116993848323,20.118376,0.0,1.032332234871992
2520,10600,260.42495979989957,65.75427807772836,4098,260.42495849,65.75429386,0.056849169093539556,22.078484,0.0,1.1372608702080131
2520,14732,260.9314215059409,65.97648826368837,3045,260.93139228,65.97647781,0.057017364289236025,20.219475,0.0,0.5140338292048423
2520,11940,260.38565361658596,65.78289169132371,4192,260.38567852,65.78290386,0.05719676965162614,22.02064,0.0,0.2954686431152634
2520,7465,260.6327702597866,65.68948630615277,3819,260.63280842,65.68948386,0.05723697815574512,18.320766,0.0,1.068545501959075
2520,22977,260.9267818504485,65.98222268914871,6999,260.92680607,65.98220994,0.05801675844261024,21.83902,0.0,0.918926464647868
2520,13547,260.4321551976342,65.81412001564797,5396,260.43215856,65.81410386,0.05837137968464745,21.43302,0.0,1.3952916411513587
2520,14388,260.682862368819,65.83213522859566,1532,260.68282858,65.83214386,0.058699604377266894,21.393692,0.0,0.4717565150237538
2520,11311,260.560632314361,65.77003098997366,3778,260.56066851,65.77002386,0.05931795965465885,22.059788,0.986,0.8708147732379159
2520,15039,260.5368354126119,65.94707737066861,407,260.53685871,65.94706386,0.059449484902845864,21.787878,0.0,1.4719115505193716
2520,13821,260.3588344964283,65.81972743069079,1261,260.35882856,65.81974386,0.05978980587933554,20.388552,0.0,0.3212445046867703
2520,12219,260.7849474530143,65.7887076557597,5467,260.78493853,65.78872386,0.05980425286062667,22.261591,0.0,0.6691809636108714
2520,7056,260.87375235550286,65.6805372270748,2416,260.87374841,65.68055386,0.0601635662788684,20.509254,0.0,1.1481427517369511
2520,12994,260.9910902055171,65.80257861920089,6710,260.99106998,65.8025641,0.06018921999593165,21.942602,0.0,1.4062529866717235
2520,23383,260.8327995905994,65.97181199068639,6894,260.83275873,65.97181386,0.060273169024112595,22.149231,0.019,0.3248001824531114
2520,12974,260.80228891051735,65.8035570170156,7449,260.80224855,65.80355386,0.06062751100550422,22.219854,0.0,1.0385943139133489
2520,16737,260.7157286253684,65.88586547658768,8871,260.71575864,65.88585386,0.060808858248483144,22.047276,0.0,1.0125672194141204
2520,9046,260.8679558395883,65.72380090015709,4831,260.86791846,65.72379386,0.060854045144739966,20.554161,0.0,0.0795804475585259
2520,17520,261.10083944865335,65.90409131935237,1653,261.10084844,65.90410785,0.06095996791758998,21.859243,0.0,0.9788000060035842
2520,10578,260.7523083569693,65.75424859390621,4147,260.75234849,65.75424386,0.06172952396031115,22.111488,1.0,1.2662370726629273
2520,23885,261.07168461599093,65.96240080935475,1746,261.07172634,65.96240316,0.061766924864206284,20.248735,0.0,0.0059638396162253
2520,14521,260.43590662057494,65.8342650553845,9937,260.43593858,65.83425386,0.06199048071197485,21.770025,0.0,0.7083301539206298
2520,17018,260.81991282645305,65.89774634255173,2897,260.81987149,65.89775039,0.06249192220092309,20.010078,0.0,0.7693349832189473
2520,17863,260.419186556206,65.86771554977119,3027,260.41921862,65.86770386,0.06323097372128583,20.772038,0.0,0.4734163837152456
2520,12430,260.6898889136772,65.79253675125821,8607,260.68987853,65.79255386,0.0634700931201866,22.026716,0.0,0.3840501843526351
2520,16096,260.3498123619295,65.92087665917602,7395,260.34977335,65.92088446,0.06381214436554597,20.8594,0.0,0.1703990185597433
2520,9735,260.58041979453566,65.73814579015145,9994,260.58038127,65.73813726,0.06473527758216271,22.247198,0.007,0.7512547316194459
2520,18702,260.9771313414976,65.89737843907801,5707,260.97710865,65.89739386,0.0647674157950759,22.31697,0.0,0.1683526559829973
2520,19502,260.79971034420697,65.83731489188547,1768,260.79973442,65.83732997,0.06484687231724845,19.18352,0.0,0.7047917087119078
2520,16067,260.3676940093837,65.91651570008632,8028,260.36773867,65.91651386,0.06594191062932304,21.74614,0.0,1.3048550182523453
2520,23704,260.6767534699912,65.93501243621114,5161,260.67678869,65.93502386,0.0660639550865645,22.338606,0.0,0.6625878396140408
2520,12352,261.13997349424034,65.78877492005496,451,261.13993105,65.78876882,0.06639979763855894,20.36051,0.0,0.137954808548641
2520,8918,261.00561091484144,65.72206369793273,7055,261.00564846,65.72207386,0.06653423962859627,21.84828,0.0,0.744816140728174
2520,17071,260.54624452083533,65.89811811785701,5642,260.54628865,65.89811386,0.06666045375629374,21.193434,0.0,1.081702680322486
2520,14969,260.6664915399993,65.94107006811402,9603,260.6664687,65.94105386,0.06729243600200116,22.416132,0.199,0.3433870556392486
2520,17933,260.3153259777742,65.86654069531136,7605,260.31536862,65.86653386,0.0674167157791435,20.633238,0.0,0.3293533907726557
2520,18983,260.9913635253434,65.84674174102322,7487,260.99132859,65.84675386,0.06746623363754682,21.800407,0.0,1.0815249331307777
2520,17000,260.80415379414274,65.88222051106385,3968,260.80410863,65.88222386,0.06752191551155085,21.938047,0.0,0.7936783037111007
2520,11055,260.9416598688131,65.76438458185584,7294,260.94168069,65.76436786,0.06760621709824366,22.26154,0.0,0.7803282864585803
2520,13781,260.4697945196534,65.81989782932993,2148,260.46981856,65.81991386,0.06772854724295924,21.950262,0.996,0.3848902714660598
2520,16420,260.33242780311366,65.90872884083996,886,260.33238906,65.90873924,0.06813842120481445,21.237936,0.0,0.2015530123693074
2520,15369,260.49120738526267,65.93082797243456,3694,260.49123869,65.93081386,0.068510266654041,20.228079,0.0,0.4515683599827681
2520,17687,260.9675833805495,65.8730064451474,156,260.96761862,65.87299386,0.06886034036314233,22.492905,0.0,0.3671001204087697
2520,16952,260.3259794927465,65.8842033223098,8884,260.32601864,65.88421386,0.06895467121847952,21.022953,0.0,0.5814535474286373
2520,18400,260.80226593645824,65.85770593378243,6121,260.80224861,65.85772386,0.06939405537275757,22.347757,0.0,1.042514129867047
2520,13028,260.6814837256042,65.8048101507027,8267,260.68145855,65.80479386,0.06942037054769362,22.256498,0.0,1.461013417692299
2520,16187,260.39156879709606,65.91338882138014,5895,260.39159867,65.91337386,0.06947898980570685,22.11903,1.0,0.3143772893965545
2520,17736,260.73365186602615,65.86975194068616,8157,260.73366862,65.86973386,0.06960422959427306,22.112387,0.0,0.2813733174224518
2520,10670,260.51283189213666,65.75592994264727,2916,260.51287849,65.75592386,0.07228000349622457,22.25277,0.0,0.2468494874267416
2520,18100,260.467725057368,65.8630545771359,1647,260.46776861,65.86306386,0.07230084254147161,21.61267,0.0,1.4210762541236954
2520,17184,260.5009278405189,65.89738211401014,3703,260.50094865,65.89736386,0.07248662005020144,22.073328,0.0,1.2702843503606085
2520,12366,260.43266188048096,65.79132024586943,2755,260.43270853,65.79131386,0.07260086245388594,22.229809,0.999,0.0666608263614914
2520,19752,261.0034765221892,65.89196712175591,5496,261.00344864,65.89198386,0.07288302635119798,21.658543,0.0,0.080765604214645
2520,11307,260.7914541192231,65.7697727248151,5057,260.79149851,65.76976386,0.0729376728377562,22.000042,0.0,1.222282042512899
2520,18233,260.9106253351587,65.90511113915224,4597,260.91062325,65.90513164,0.07386664969848386,21.465727,0.0,1.2026648749184776
2520,16802,260.53395974759366,65.88523251550268,4480,260.53393864,65.88521386,0.07398840283836398,21.812613,0.0,0.966091447407036
2520,16745,260.5820544590826,65.90037155078528,4426,260.58202865,65.90035386,0.07413059645975863,20.972733,0.0,0.8539294888889053
2520,12928,260.41605033571517,65.80278658024778,5448,260.41607855,65.80280386,0.0748528108502266,22.492579,0.0,1.0902740806604028
2520,15926,260.42375589391236,65.92338192862155,9907,260.42370868,65.92337386,0.07517882838868443,21.996647,0.0,0.3328804707137835
2520,17595,260.3294174607863,65.87237304991343,5646,260.32946862,65.87237386,0.07534103282470365,20.928799,0.0,1.1786613124184355
2520,13673,261.03511914112073,65.81701467818192,8922,261.03512856,65.81699386,0.07622182461469004,22.1027,0.0,1.152005104064027
2520,15618,260.5461043689821,65.92548241460266,3172,260.54609815,65.92546138,0.0762733086806447,19.731087,0.0,0.9715634424186936
2520,14466,260.3172114608941,65.83206494558785,5428,260.31725858,65.83207386,0.07650445886369961,20.018578,0.0,0.1525821707652553
2520,17039,261.0170518577555,65.89833481958343,6938,261.01702865,65.89835386,0.07656683409407426,20.029484,0.0,0.2747389012590892
2520,12234,260.861006813735,65.78810805388902,7377,260.86095993,65.78811746,0.07705810907999482,20.537376,1.0,0.1409772537132982
2520,18412,260.6274577566858,65.85719592986226,9590,260.62740861,65.85720386,0.07779342958427554,21.605827,0.0,0.4438422726439295
2520,12469,260.41480242201857,65.7925744824212,6435,260.41481853,65.79255386,0.07795554414377147,21.29924,0.0,0.9108509292257392
2520,12450,260.9285390379272,65.79263365824161,8058,260.92857924,65.79261949,0.07825152725972179,22.374336,0.0,0.936615498774875
2520,17695,260.4758585056403,65.87081633197832,8859,260.47581132,65.87082714,0.07959901587720072,20.266155,0.0,1.348540926334364
2520,23293,261.12942803775536,65.97261840973863,9754,261.1293797,65.97260823,0.07977083057448273,20.902065,0.0,0.9054079797487288
2520,9241,260.4387359147167,65.72867574828662,1477,260.43869814,65.72869216,0.08133536328840665,21.533588,0.0,0.6045852150046043
2520,14760,260.83123169004875,65.97639064210462,5600,260.83117874,65.97638386,0.08135414314895471,21.564402,0.0,1.080478519914211
2520,23968,260.86677981518113,65.96134504024332,4965,260.86672872,65.96135386,0.08137918804905922,22.44094,0.0,1.1981866235649592
2520,11308,261.10966827749036,65.76907664760184,7693,261.10967643,65.76905421,0.08166853147874753,21.198889,0.0,0.6188728697429347
2520,7917,260.6911337240235,65.6995194113976,4998,260.69112979,65.69949667,0.08207622029143555,20.40801,0.0,1.1779160639411173
2520,14222,260.31876340993716,65.82819995276212,5960,260.31881857,65.82820386,0.08251947533010545,20.68808,0.0,1.4122457821388144
2520,17658,261.13879525353656,65.86964542976169,1295,261.13873943,65.86964302,0.08261394499222612,20.372461,0.0,0.8167473576843359
2520,15785,260.99997828445356,65.92245744910012,158,260.99993868,65.92247386,0.08290819165302553,21.004549,0.0,0.6019481561643164
2520,12305,260.67950726714935,65.79037437594698,7375,260.67955853,65.79038386,0.08302337258610089,22.424818,0.0,0.6047454381866155
2520,11661,260.56670080990045,65.77699096904996,9310,260.56673852,65.77697386,0.08304257293812223,21.985207,1.0,1.4775348900411935
2520,7029,260.52199370830067,65.68093014385843,112,260.52193841,65.68093386,0.08306650854575039,20.914492,0.0,1.4856191436612334
2520,12905,260.7892335615498,65.80243249560075,7718,260.78918264,65.80242256,0.08321798406697163,22.007915,0.0,1.465988395613666
2520,13752,260.8386370130422,65.81922187811546,1561,260.83858856,65.81923386,0.08346072884955841,21.323137,0.0,0.3025431529937991
2520,22908,261.02619109604615,65.97931822115878,4197,261.02618652,65.97929496,0.08400824777594453,22.4335,0.0,0.973576882810058
2520,19031,261.12204322139917,65.84512568330895,3230,261.1220545,65.84514862,0.08422710299139775,21.872013,0.0,0.6821854621548479
2520,18352,260.2084957520998,65.90428904549205,2030,260.20844182,65.90428073,0.08473080021217222,21.150475,0.0,0.6086291711012116
2520,16311,260.90847674849164,65.91102469560107,2026,260.90841867,65.91102386,0.08539105989687265,21.673483,0.0,1.3952710512724258
2520,13360,260.31881648462127,65.81104403109515,891,260.31884855,65.81106386,0.08563239715661013,21.052156,0.0,1.1026587111464792
2520,10097,260.6364630365421,65.74402728253607,8733,260.63648168,65.74400475,0.08567511292949809,21.319735,0.0,1.4678062381049104
2520,11959,260.48130817000225,65.783395987301,6852,260.48134852,65.78341386,0.08769312658322502,21.868862,0.0,0.7380586040494609
2520,14913,260.7817454692735,65.94239728215187,8957,260.7817765,65.94237616,0.0886334004032035,21.414257,0.0,0.0282459744402573
2520,13743,260.4663110906257,65.8191864728644,4775,260.46636856,65.81919386,0.08882033426345577,22.419823,0.0,1.1870970497179176
2520,23107,260.7763118536348,65.98065919842884,8115,260.77630874,65.98068386,0.08889881771098423,22.421358,0.0,0.3058994778200397
2520,10899,260.53232060950023,65.76089583806183,8309,260.5323485,65.76087386,0.0892150235932821,22.001818,0.0,0.5527765440815579
2520,16624,260.67282803106093,65.90492273673875,9489,260.67278866,65.90490386,0.08925407979721026,22.499857,0.0,0.7517471690461426
2520,10398,261.19744700732207,65.7497134148242,2209,261.19740269,65.74969655,0.08933087945055247,22.249397,0.0,1.021712567465556
2520,8866,260.67652589084304,65.7209683399557,6104,260.67653846,65.72094386,0.09007042477479835,20.90043,0.0,1.4638274109382634
2520,19183,260.339287585012,65.84319182902296,5780,260.33934859,65.84319386,0.0901723340629297,22.302662,0.052,0.498425735568633
2520,16068,260.87588282579077,65.91713297707719,4054,260.87584867,65.91715386,0.09038444624509552,22.467705,1.0,1.43527414041042
2520,13352,261.04464610101894,65.81076140249921,1980,261.04461855,65.81078386,0.09048702174543831,22.191952,0.0,1.4325753366254748
2520,15429,260.50377036296885,65.92958026402023,5951,260.50383141,65.92958378,0.09052420128850414,19.221611,0.0,0.989578475716644
2520,19462,260.8385293392797,65.83768963508444,9781,260.83846858,65.83769386,0.09081530939442918,22.167053,0.0,0.2149256143168624
2520,17821,261.1078772458314,65.86853359727017,3979,261.10793804,65.86853818,0.0909847334071685,21.659271,0.0,0.7580223432047306
2520,17325,260.9332187298888,65.87668900633588,5695,260.93316863,65.87670386,0.09106606939252697,19.989824,0.0,0.3571641470597116
2520,11810,260.35527616626194,65.77973513938068,4805,260.35531852,65.77975386,0.0919493223780826,21.299616,0.0,1.391424938102113
2520,9441,261.0212611938338,65.72868841510167,2022,261.02126846,65.72871386,0.09223056030769097,18.307703,0.0,0.8725075028406046
2520,14359,260.91946459785504,65.83133694796396,490,260.91947567,65.83136303,0.09530298931634366,21.222769,0.0,0.8736254864603018
2520,15093,260.63063860970556,65.9382944128539,4139,260.6305787,65.93828386,0.09579058401740283,22.145355,0.0,0.6502750397824176
2520,12587,261.053663607491,65.79555470653914,4820,261.05361854,65.79557386,0.09580795321272609,21.871151,0.0,0.5170491991851582
2520,18761,260.87990679527036,65.85037183412408,4768,260.8798486,65.85038386,0.09602526360445121,22.439425,0.0,0.1648490300425893
2520,15421,261.0628372704528,65.92944381147478,7594,261.06282429,65.92947018,0.09682112196093291,22.170544,0.001,1.021918343772118
2520,11968,260.31153515795484,65.78332362394778,4467,260.31157852,65.78334386,0.09699051633362103,21.64086,0.0,0.1921827758896336
2520,12583,260.2740998707731,65.79575207336389,6107,260.27407004,65.79572772,0.09810694532209982,21.390667,0.0,1.3751681974328107
2520,10868,260.4813521152071,65.75874178365511,7114,260.4812885,65.75873386,0.0982603951611268,19.972404,0.0,0.4898071814149566
2520,9592,260.5200249563808,65.7354694102508,2065,260.52004847,65.73544386,0.09833915782635455,22.243948,0.0,0.0814477561513672
2520,9702,261.0996698654189,65.73525936917409,5693,261.09962021,65.73524115,0.09848129071623714,20.287941,0.0,0.6751200907692815
2520,13390,260.98134589406476,65.81080039238168,2589,260.9813948,65.81078164,0.0988017401125298,22.011225,0.0,1.2314358345295402
2520,10990,260.48818747599574,65.76084142602087,8432,260.4881885,65.76081386,0.09924921499525291,19.937317,0.0,0.1076907811294586
2520,17551,261.0907867425139,65.87309309366114,1908,261.09079056,65.87306526,0.10035852458637605,22.094736,1.0,1.464731077245116
2520,10956,260.9081677758059,65.76184223019786,237,260.9081633,65.76181422,0.10105344450675652,22.245451,0.0,0.2542404683250789
2520,13933,260.5285290673075,65.82327911085375,6446,260.52849857,65.82325386,0.10141603228951397,21.709454,0.007,0.6730362455416825
2520,11552,260.32424271026,65.77285977420965,2948,260.32427851,65.77288386,0.10156460337395033,19.535204,0.0,0.4882791912942748
2520,19477,260.5288054468044,65.84075218624473,6461,260.52886859,65.84076386,0.10208591229601056,21.14346,0.0,1.0195890271528485
2520,9991,260.4977917054176,65.74243354888274,1912,260.49780055,65.74246177,0.10243472368318401,22.036943,0.0,0.0925322371079477
2520,16285,260.95767560264613,65.91134518972817,3606,260.95760867,65.91135386,0.10318104707805179,22.175589,0.0,0.0015415565162686
2520,15584,260.88516050568046,65.98397340165987,2444,260.88512223,65.9839976,0.10360437638751477,21.669638,0.0,0.1018643310772139
2520,8108,260.4361203898704,65.7061982964076,9123,260.43615844,65.70617386,0.10447440705854963,21.880379,0.0,0.5408369154707219
2520,12276,260.83321176012794,65.78968129298889,3635,260.83318853,65.78965386,0.10454395648526407,22.143715,0.0,0.5502165572542346
2520,24404,260.94023285284834,65.9538716014385,4158,260.94027871,65.95389386,0.10462267474369887,20.921211,0.0,0.0822267260755061
2520,9692,260.37025899162603,65.73716782361284,9279,260.37032847,65.73717386,0.10505312022214636,22.487808,0.0,0.4272846380777501
2520,17336,260.5241601987206,65.87707316065098,2890,260.52422863,65.87706386,0.10610460793663562,22.368162,0.0,1.1938808921895054
2520,11120,260.372027204238,65.76445939429064,2454,260.3720985,65.76446386,0.10657748016756909,21.523737,0.0,0.6849901723174989
2520,16872,260.4702369632157,65.88421857842974,6191,260.47030864,65.88421386,0.10678863802367826,22.069614,0.239,0.3604621444131405
2520,14099,260.31334622160824,65.82386886503187,8952,260.31341857,65.82386386,0.1081783108623568,20.6016,0.0,1.0346846572751784
2520,12871,261.03962701587034,65.80105413420421,517,261.03963854,65.80108386,0.10835565348932552,22.460733,0.0,0.1247183312057838
2520,9453,260.721503744824,65.73294008330744,4432,260.72143847,65.73295386,0.10856862256729659,22.294676,0.0,0.7020916367842133
2520,8035,260.65567651496985,65.7042238645322,9660,260.65566844,65.70425386,0.10864407390644922,20.777363,0.0,0.9875341257682596
2520,17819,260.85842856654426,65.86951589292447,6135,260.85836862,65.86953386,0.10939581211445358,22.489033,0.0,0.0431500650260625
2520,13813,260.35130316263695,65.81415982134874,1615,260.35134856,65.81418386,0.10941787272846394,19.113745,0.0,1.1745369620770598
2520,13036,260.3452061806592,65.80443125117456,9218,260.34527855,65.80442386,0.1100440607430882,21.412865,0.0,0.0732406794847833
2520,19417,260.89432230026756,65.84167789395454,325,260.89425859,65.84169386,0.11006637932498109,19.436266,0.0,0.2105768347398398
2520,12316,260.56159435238567,65.79048388285287,4312,260.56157853,65.79045386,0.11057747496615376,21.628334,0.0,0.9290959396544224
2520,17327,260.3724782940832,65.87763090751024,216,260.37252863,65.87765386,0.11095992970787026,18.215687,0.0,0.1734076994894841
2520,14884,260.82377021291853,65.94350040805674,2258,260.8236981,65.94349006,0.11219083648737178,20.786236,0.0,0.1291911048126873
2520,10668,260.4828170470816,65.75589602116754,8321,260.4828756,65.75591618,0.11295386768870687,20.822783,0.0,0.7851387157360377
2520,10550,261.09052757531344,65.75202368275271,8005,261.09051603,65.75199255,0.11337029315763146,20.704487,1.0,0.429591522732045
2520,13080,260.75863844120465,65.80079658124362,1916,260.75857896,65.80081664,0.11366160077092284,18.397943,0.001,0.2403257487095506
2520,20480,260.5265915088872,65.88885616168582,9128,260.52666864,65.88885386,0.11373348283711508,22.079926,0.0,1.0681388204071895
2520,9271,260.6616838473859,65.72835280385132,8712,260.66173138,65.72837803,0.1148691875817788,20.881289,0.0,0.7660971474411424
2520,10512,260.9140115653109,65.75277570657836,8277,260.91393849,65.75276386,0.11614967703727172,22.12713,0.0,1.1185493578159258
2520,10590,261.11375779304717,65.7536575382029,7425,261.11380819,65.75363276,0.11622403841864719,21.428787,0.0,0.5846439110463107
2520,20035,260.8691721830582,65.90240433396227,1031,260.86910866,65.90242386,0.11687199060429361,22.355165,0.0,1.2984379617462392
2520,10509,260.6362487945302,65.75297920102216,9138,260.63631849,65.75296386,0.1169065204900287,21.64711,0.0,1.4442333370634997
2520,19558,260.8198688492044,65.89216853252874,3534,260.8198649,65.89220108,0.1173147089876142,19.34296,0.0,1.2576810536367309
2520,16853,260.8883139117368,65.88386105717811,54,260.88830863,65.88389386,0.11834543796060304,21.226755,0.0,0.7591249487233226
2520,9911,260.40875494221996,65.74096832303393,8015,260.40880848,65.74094386,0.11843365203717346,21.97085,0.0,0.5407143007316346
2520,12011,260.9070253975615,65.78370690168016,4816,260.90697852,65.78373386,0.11920730626990185,21.95023,0.0,0.0831088314944245
2520,8015,260.52487839401476,65.70356144914703,1931,260.52489844,65.70359386,0.12039801846692492,21.929451,0.0,1.369665155141088
2520,17713,260.447053720338,65.86993863550725,1962,260.44710921,65.86991359,0.1216498113156124,21.779114,0.0,1.1589454949865383
2520,12732,261.1561921284767,65.7979327138766,4131,261.15611287,65.79792264,0.12246588838845458,22.021584,0.025,0.4505100595913833
2520,16527,260.8352509172789,65.90724029304144,6900,260.83516866,65.90723386,0.12308162371655362,21.800827,0.0,0.6958631248290278
2520,23646,260.84389228552715,65.96537843445154,3487,260.84380873,65.96537386,0.12361423175308794,21.987644,0.0,0.4850710572503461
2520,15685,261.09699074979966,65.92368179775303,6019,261.09694573,65.9236524,0.12478750028757,20.238617,0.0,0.0368848456543051
2520,15639,260.6586835832315,65.92591981109615,3988,260.65859868,65.92592386,0.12552976042216293,21.074348,0.0,0.312418362483675
2520,10109,260.8468680564373,65.74401695669084,3456,260.84687007,65.743982,0.12587931624896428,20.90963,0.0,1.0079060950287353
2520,9855,260.5070020784521,65.74006897488539,1665,260.50708722,65.74006738,0.12606851467229183,21.43207,0.0,0.920531130815304
2520,7317,260.87826152905683,65.68867575266444,389,260.87832842,65.68865386,0.12664970240453857,21.821032,0.0,0.184378676367811
2520,12300,260.82718153318547,65.7900779683887,9624,260.82711853,65.79005386,0.12721480181516087,21.868334,0.0,0.7640623348549777
2520,9337,260.8682158767817,65.73061748261608,9458,260.86815847,65.73064386,0.1274077258624842,22.273647,0.0,0.7171809308246857
2520,13491,260.44583103314346,65.81372421982675,471,260.44591856,65.81372386,0.12910304133002237,22.438356,0.0,0.6037134547297561
2520,14176,260.6640706995842,65.82630449074924,9716,260.66399857,65.82628386,0.12970419603854488,20.46707,0.0,0.3169707418230725
2520,18690,261.01974527683655,65.85174831869055,2659,261.0197686,65.85178386,0.13247924052823598,22.17638,0.003,0.1852837602804939
2520,16673,261.09183596670823,65.88592555393583,7099,261.09178642,65.88595634,0.13264139616596446,21.65107,0.0,0.2287435978735544
2520,18381,260.89146094186395,65.85753108605313,3013,260.89141861,65.85756386,0.133438492893106,22.169914,0.0,1.0047752538272503
2520,8640,261.10908807205243,65.71662842678496,9712,261.10900561,65.71661317,0.1338710321094964,20.603104,0.0,0.6015029438439484
2520,17757,260.56535139619626,65.87097385740427,5652,260.56542862,65.87095386,0.13452972181873035,22.076855,0.0,0.0837810808200963
2520,19400,261.0965295531265,65.83866615780101,1179,261.09652858,65.83870386,0.13573549044531677,22.163494,0.0,0.1051190296778913
2520,7389,260.3903979161437,65.69041196463088,379,260.39031834,65.69039291,0.13643110823182325,21.240835,0.0,0.9622399210314484
2520,19229,260.32735410640163,65.84276648705475,6756,260.32741859,65.84279386,0.1368794605248405,21.079071,0.0,1.059642275414358
2520,12835,260.7339995110348,65.79850894041574,5354,260.73409271,65.79850358,0.13889095686261643,19.922968,0.0,0.2082736987347713
2520,12939,261.0847729481546,65.80221637928,4210,261.08474854,65.80225386,0.13965477534109125,21.679785,0.0,0.7581221681213733
2520,23618,260.28842953633716,65.96675641576626,9163,260.28839926,65.96679342,0.14041639985390114,20.718868,0.0,0.3348908555701878
2520,24610,260.8815301716824,65.94871546056872,4620,260.88143871,65.94870386,0.14054039940290874,19.689072,0.0,0.5982050775713622
2520,11291,260.89050392019817,65.76908442069879,4600,260.89040851,65.76908386,0.14098249393164058,21.965162,0.0,0.597582995207963
2520,12472,260.89223414665327,65.79313172525056,442,260.89217853,65.79316386,0.14185519130486163,22.484552,0.0,0.3565082919828624
2520,14859,260.90034869200883,65.94747508906887,8096,260.90032871,65.94751386,0.14262144665654156,22.01723,0.0,0.7721326717641082
2520,17435,260.82212982666135,65.87557593988306,5007,260.82219863,65.87560386,0.14265895928774303,20.397705,0.0,1.3664631169924946
2520,14535,260.6394126459338,65.83462379341115,103,260.63942858,65.83458386,0.1456655539565345,21.826376,0.0,0.5645191276154743
2520,19415,261.1915452057643,65.89242985932334,6666,261.1915005,65.8923936,0.14615161481825817,21.763195,0.0,0.23260737784725
2520,23926,260.35667947198806,65.962020261901,3143,260.35658401,65.9620074,0.14744740459680086,19.656452,0.0,0.9914050101486588
2520,16599,260.4301827908927,65.90572504920823,3112,260.43026546,65.90570166,0.14782092104130345,21.65472,0.0,0.3419338052096343
2520,9130,261.15472191835744,65.72554767472808,2537,261.15464101,65.7255232,0.14866642283416875,21.692375,0.0,0.7984526931252803
2520,14844,260.27912026070476,65.9429351103947,7144,260.27916194,65.94289669,0.1512343340463651,20.402386,0.0,1.1248053529673276
2520,10390,260.767589807892,65.75055472576196,4763,260.76766849,65.75058386,0.15663500969088356,22.351559,0.0,0.355574333448485
2520,15497,260.95335096449963,65.92830092237062,5079,260.95324869,65.92831386,0.15723301693066136,21.640747,0.0,0.975738639811698
2520,17591,260.61127560730074,65.87209970281228,4289,260.61120862,65.87213386,0.15760133472994967,22.29389,0.0,0.1810187087360694
2520,11508,261.15847808098016,65.77304323782391,1616,261.15842027,65.77308023,0.15820328128018407,21.834637,0.0,1.394071242026914
2520,18065,260.7680714458153,65.8950914036731,9429,260.76812865,65.89505386,0.1591893467863896,20.752508,0.0,0.5032803324157852
2520,8027,260.9773555999315,65.70405601328805,7666,260.97738844,65.70401386,0.15935745704072654,21.944458,0.0,0.8058120535725648
2520,11161,261.1422775062829,65.76645306538174,9451,261.14236366,65.76642623,0.15981073388908293,21.512005,0.0,0.7502129926618357
2520,13445,260.99728185599037,65.80999023509116,2598,260.99730855,65.81003386,0.1619110815025521,20.590714,0.0,0.9388158076196048
2520,10030,260.6812603304908,65.74313862804753,1548,260.68132848,65.74317386,0.16200648935290435,22.125658,0.0,1.01865737550789
2520,16725,260.3965657762391,65.88612030689242,9431,260.39666864,65.88610386,0.16246392767946194,22.31464,0.0,0.3200956890454406
2520,16973,260.96873362866745,65.89817876812634,7209,260.96871865,65.89822386,0.16381743688828843,20.407707,0.0,1.1323183542240745
2520,12569,260.85179687341446,65.79553474849403,1946,260.85189854,65.79555386,0.1650785884283477,21.10505,0.0,0.0597170892916831
2520,18832,260.31670102342684,65.89396893209292,7850,260.31679469,65.89394275,0.16688702713259343,21.260357,0.0,0.9535797790073276
2520,18454,261.0416090431852,65.85497814068641,2582,261.0416286,65.85502386,0.16709004406112526,21.600807,0.0,0.6094924528452189
2520,10611,260.2918674743585,65.75447755946553,7781,260.29175883,65.75449038,0.16711224571605066,21.6529,0.0,0.1478694383690223
2520,9840,260.85527923020146,65.7360831282618,4856,260.85521847,65.73604386,0.16752340296802934,19.727158,0.0,0.5930708450160117
2520,18206,260.20698034593863,65.8613023234117,8205,260.20686559,65.86129992,0.16916612656071423,21.5192,0.0,1.137366239225729
2520,15106,261.060602587027,65.93778910599211,4665,261.06053642,65.93775041,0.16981939111292116,22.34259,0.0,0.0227292885143465
2520,18976,260.59503544005366,65.84691322700013,6864,260.59514859,65.84690386,0.1700507307742383,22.191116,0.0,1.2407163608252525
2520,7058,260.5488431996572,65.68179954126055,6683,260.54888841,65.68184386,0.17305377496277224,22.454725,0.0,0.4765671654141509
2520,7878,261.1081603578298,65.69975539089965,1486,261.10807192,65.69972264,0.17625779387056012,21.70597,0.0,1.0148330433311714
2520,10364,260.96121645504434,65.74704355079672,6416,260.96114848,65.74708386,0.17652702881346446,21.241592,0.0,0.4263720465883344
2520,7076,260.50263030760874,65.68265269340151,8572,260.50274841,65.68264386,0.17794487375307222,22.10089,0.0,1.2468495692464472
2520,14337,260.8152646331182,65.83116847251438,2820,260.81514858,65.83115386,0.17896115051434847,21.896736,0.0,0.4956377891605605
2520,17322,261.1517783984111,65.87676246500688,6283,261.15165489,65.87676065,0.18183812140311373,21.773212,0.0,0.3126841281550829
2520,12657,261.1760398824718,65.79567674060856,7602,261.17596687,65.79571762,0.18240310962632023,21.268719,0.0,0.2130425712819549
2520,23736,261.12202724038974,65.96702084125168,1747,261.12200658,65.96697083,0.18257091114259635,22.128002,0.0,0.4337297468003079
2520,8501,260.55275519037053,65.71322804508831,2838,260.55274845,65.71327986,0.18680049053133554,20.237183,0.0,0.6794068847576271
2520,24093,260.7116857002393,65.9592445917809,6664,260.71172872,65.95929386,0.1882530052541439,22.20427,0.0,0.8454677221691167
2520,10011,260.56211735312235,65.74286031862188,6973,260.56218848,65.74290386,0.1887763411997137,22.108448,0.148,1.214127951461175
2520,15948,260.6067352246963,65.91918293997982,4715,260.6066919,65.91913334,0.18956160292531782,21.486647,0.0,1.2164008925517087
2520,24161,260.4089801183582,65.95928654156965,9648,260.40888752,65.95932328,0.1895649904522025,22.273308,0.0,1.1930847585369675
2520,16983,260.7737631288598,65.88244806311452,6995,260.77364863,65.88242386,0.18963033234460344,22.193544,0.0,0.8311668492077959
2520,9504,260.62968445793996,65.73382565667077,1064,260.62978847,65.73379386,0.19179225528986993,22.130135,0.0,0.8531956281598262
2520,23183,260.22178035533346,65.97541089422022,2186,260.22173335,65.97546128,0.19403162484991993,21.66536,1.0,1.0511834750470883
2520,24008,260.2508282445012,65.96018702369156,9139,260.25091115,65.96023001,0.19680045315292152,21.410662,0.0,0.91498426967989
2520,18308,261.0236410042776,65.90488645612125,7357,261.02370866,65.90493386,0.19750930897749006,21.158453,0.0,1.3819070474186408
2520,20482,260.58311128624837,65.89102270839294,8263,260.58297864,65.89101386,0.197640840981436,20.05963,0.0,0.9264256354135244
2520,15473,261.0438305025632,65.93115566853689,9073,261.04383437,65.93110001,0.2004511720034187,22.321264,0.998,0.0494808731039164
2520,15868,260.48923438198887,65.91952792838558,4575,260.48909867,65.91951386,0.20567637833459124,20.858278,0.0,1.3679747375253413
2520,7682,260.99694158484084,65.69701322949325,8814,260.99691776,65.69695688,0.20590651182386072,21.98899,0.0,0.9448851978610804
2520,14887,260.9988917492732,65.94208826667882,8327,260.99887492,65.94203061,0.20902831383004367,20.094547,1.0,0.5904609899001702
2520,11944,261.11616148312623,65.77776943682336,8303,261.11614643,65.77782719,0.2090968413103972,19.563347,0.0,0.3792244939227595
2520,17448,260.9469643762431,65.87407387100717,9766,260.94705112,65.8741208,0.2117415848513033,19.537912,0.0,0.5101861900509886
2520,17692,260.8140669899108,65.87009189854352,510,260.81412529,65.87014636,0.21401337647849136,21.181385,0.0,0.4507966910659504
2520,14003,260.77047269643043,65.82471505188937,7963,260.77044857,65.82477386,0.21467647481576746,22.381088,0.0,0.6643207055585268
2520,24083,260.4934638089771,65.9596953782084,8108,260.49331872,65.95970386,0.2149620798031321,22.417713,0.0,0.0602310683252164
2520,15695,260.6928608545686,65.86191507207852,1117,260.69299444,65.86193942,0.21531014751515037,19.778801,0.0,1.196661878136876
2520,10493,260.52709055286397,65.7526621679063,7247,260.52697849,65.75262386,0.21556410937079393,22.390072,0.0,0.8350242743961585
2520,15592,260.72518542123794,65.92685140195532,2436,260.72503868,65.92684386,0.21718591722853742,22.306595,0.0,1.2391997605834213
2520,12784,260.82893255413916,65.79864789153905,612,260.82879854,65.79867386,0.21875983192444193,20.773674,0.0,0.8850297075854183
2520,19452,261.16675214777075,65.89200759562517,9355,261.16660201,65.89201479,0.22228379237877918,21.295746,0.0,1.2421283164081796
2520,13319,260.8573156635556,65.81048818493177,6886,260.85717855,65.81051386,0.22237826416064263,22.108067,0.0,0.1638982299603573
2520,11064,261.1313949064304,65.76252649686734,8678,261.13127501,65.76248539,0.23085993059101614,20.641615,0.0,0.5554973189873967
2520,9444,261.0316679784524,65.73094241697578,8025,261.03151847,65.73092386,0.23109150110564938,20.869823,0.0,0.1829907576011051
2520,16888,260.25802832831585,65.90500633297994,7595,260.25786909,65.90500993,0.23439091079350075,22.061687,0.997,0.7114680651037336
2520,13268,260.4878677419384,65.80948031343773,9774,260.48790855,65.80954386,0.23655562334234018,22.021904,0.0,0.7492763286385714
2520,7382,260.7597351220742,65.6903447936463,9994,260.75987425,65.69038247,0.24680020300686933,21.017963,1.0,0.2144995273173943
2520,12633,260.90122651028605,65.79667437488337,8155,260.90122979,65.7967433,0.24817763072173557,21.709127,0.0,0.0744365711306064
2520,12196,260.40538797641267,65.78822130939668,5459,260.40538853,65.78829386,0.26118345074598137,22.252235,0.0,1.399717777919229
2520,17353,261.1950460592624,65.89616148472825,6355,261.19514405,65.89610052,0.26253331403741637,22.199234,0.0,0.385406925853501
2520,18348,261.0733016325517,65.85589850307417,2285,261.07342485,65.85595247,0.26582980014382784,18.055553,0.0,1.3375582578645755
2520,10746,260.9285399794848,65.7571911367567,612,260.9284385,65.75725386,0.27108781567710755,21.602345,0.0,0.5552282474562634
2520,10519,260.96354403453256,65.75283669536701,4702,260.96337849,65.75280386,0.27179638907000014,22.347427,0.0,0.3439327098808994
2520,24538,260.3969810103488,65.95048460000109,3834,260.39688917,65.95055226,0.2783588501969321,21.895044,0.0,1.012258394452559
2520,17844,260.501499996737,65.86935699172761,4992,260.50142862,65.86928386,0.28345816760386006,22.286743,0.0,1.132274713555417
2520,23114,261.1347954482226,65.97982937679132,1509,261.13462264,65.97979342,0.2844008352091499,21.202084,0.0,0.48862200143479
2520,12090,260.97894130462544,65.78291753729516,5232,260.97913019,65.78293636,0.28704020842832284,19.791979,0.0,1.022808996497684
2520,8406,260.25303057711295,65.71222135688431,942,260.25318688,65.71227219,0.29505212685008786,20.808193,0.0,0.2806728378318534
2520,24071,260.8065296579967,65.96849245626875,8564,260.80663873,65.96856386,0.3027315056640069,21.206615,0.0,1.0391276961811236
2520,19002,260.5550918740167,65.84620711746153,9262,260.55489859,65.84617386,0.30887065759358223,19.752296,0.0,0.5816080192388654
2520,7707,260.8858368109575,65.69776586835629,3263,260.88563842,65.69779608,0.31340879851342346,22.396948,0.0,1.3201926845124672
2520,10995,260.72001652113124,65.76319884660676,6615,260.71994683,65.76311358,0.32377715710456634,21.820484,0.974,1.1930774638382975
2520,13433,260.92131117290097,65.8112234571819,9150,260.92147397,65.81128414,0.32463890182363375,20.026575,0.0,0.295839907499898
2520,9755,260.33623574498,65.73821953510456,8409,260.33643179,65.73817079,0.33896229055936133,21.851753,0.0,0.7804091885296994
2520,11678,261.1326636303439,65.77463270474385,4939,261.13276369,65.77472232,0.3548617489271178,21.02246,0.0,1.4850262002607029
2520,14228,260.66848876811974,65.82415601293893,8456,260.66829857,65.82409386,0.35874484705815024,18.117146,0.0,0.3300914426029516
2520,12641,260.6950856689414,65.796388596276,8634,260.69484854,65.79641386,0.36160981606663956,20.990011,0.0,0.0286281473898925
2520,15917,261.0315355408683,65.91890868504541,3749,261.0315436,65.91880689,0.36665332183912047,22.323822,0.0,0.8909172663871219
2520,18680,260.6860355838271,65.85199377679953,6445,260.6859086,65.85190386,0.3738402592109012,20.699259,0.0,0.0038708766656552
2520,8885,261.143543742294,65.72096784855331,5592,261.14344894,65.72087045,0.37767402737729844,21.915493,0.0,1.3590865457608077
2520,11243,260.3187487094754,65.76848754598568,5698,260.31849244,65.76848646,0.37866569127990696,21.450813,0.0,0.9035702939156326
2520,23402,260.2368704587572,65.94469313696798,18,260.23702072,65.94478275,0.3907608982033472,21.002926,0.0,1.121882351123075
2520,23425,260.2436821435138,65.97019521727272,1906,260.24394771,65.9701601,0.4093231613781719,21.297218,0.0,0.4661510651539626
2520,15821,260.4818391969106,65.92125971616228,1074,260.48211868,65.92122386,0.4303135702498539,17.88063,0.0,0.6840119068979268
2520,23396,260.99139948659837,65.98403955928742,3380,260.99114929,65.98397274,0.4384578794519513,21.721844,0.0,0.4085337284319376
2520,11431,261.1875657757949,65.77140828562334,9715,261.18786881,65.77141425,0.44820557483202067,22.022871,0.0,0.4529622616403312
2520,19604,260.89426081401024,65.83641225612031,9665,260.89438025,65.83652692,0.44874629000645483,21.613007,0.0,0.1730478931981412
2520,18221,260.28866050403553,65.86081397419169,2984,260.28891294,65.86088935,0.4601656135697895,22.095531,0.0,0.1537854564611775
2520,7765,260.6399665797665,65.69879391728175,2015,260.64027385,65.69881303,0.4603975598240247,21.483122,0.0,1.1247714139456737
2520,15438,261.1484492041354,65.93215931876553,167,261.14858294,65.93231317,0.5876362923984609,21.976025,0.0,0.8111428360186654
2520,12738,260.64855684381007,65.79737524492667,2945,260.64804396,65.79740442,0.7642030804464363,20.335098,0.0,1.4891139703340484
2520,16476,260.79346898868914,65.90833859290663,431,260.79342866,65.90812386,0.775306813196153,21.459248,0.0,0.8146566731214229
2520,13649,260.89798608384564,65.8157576698562,9288,260.89763856,65.81559386,0.7813182418761034,21.788956,0.0,1.2684424521399102
